cyc_pwr,soc,batt_pwr,fc_pwr
0.0,0.95,0.0,0.0
0.0,0.95,0.0,1250.0
0.0,0.95,0.0,1250.0
0.0,0.95,0.0,1250.0
0.0,0.95,0.0,1250.0
0.0,0.95,0.0,1250.0
0.0,0.95,0.0,1250.0
0.0,0.95,0.0,1250.0
0.0,0.95,0.0,1250.0
0.0,0.95,0.0,1250.0
0.0,0.95,0.0,1250.0
0.0,0.95,0.0,1250.0
0.0,0.95,0.0,1250.0
0.0,0.95,0.0,1250.0
0.0,0.95,0.0,1250.0
0.0,0.95,0.0,1250.0
0.0,0.95,0.0,1250.0
0.0,0.95,0.0,1250.0
0.0,0.95,0.0,1250.0
0.0,0.95,0.0,1250.0
0.0,0.95,0.0,1250.0
1568.374523504104,0.95,0.0,2850.3821668409228
4507.341595431312,0.95,0.0,5849.32815860338
6868.70628713072,0.95,0.0,8258.883966459918
10208.546605627442,0.9493916499320146,1617.7193945911572,9940.000000000002
12703.684574786364,0.9477049858370993,4485.163004158585,9940.000000000002
14365.67418789711,0.9453384139819002,6293.168013488786,9940.000000000002
3241.111548321392,0.9469877344915028,-4521.504387153094,9940.000000000002
5727.1849201847745,0.9478597539495397,-2390.5843541273375,9940.000000000002
17956.838273074212,0.9440381837688323,10162.287348130225,9940.000000000002
8375.261799229342,0.944082249810046,-120.80417208913741,9940.000000000002
6535.664066595652,0.9447014884379649,-1697.6022286323,9940.000000000002
2179.9766387585437,0.9466825856724184,-5431.04859534982,9940.000000000002
-1555.3177345286856,0.9496180157492597,-8047.289713154814,9305.895421536667
-2990.3920846219903,0.9499765702806351,-982.953814742782,0.0
-2927.5548431306956,0.9499996458780712,-63.26024228513461,0.0
-2180.422213538295,0.9499999946477233,-0.9561292077075905,0.0
-2808.153543438818,0.9499999999191044,-0.014451146879082444,0.0
-16102.248870109868,0.9499999999987773,-0.00021841788384335814,0.0
-10285.574930303155,0.9499999999999815,-3.301259312138427e-06,0.0
800.8021894420252,0.9499999999999996,-4.976027412340045e-08,2067.1450913266112
2315.757907832309,0.95,-8.992628863779828e-10,3613.0182732993453
2366.9017206149397,0.95,0.0,3665.2058373621835
3485.1958422105545,0.95,4.547473508864641e-13,4806.322287969953
6986.315355377794,0.95,0.0,8378.89321977326
13103.372576628786,0.9481555227718377,4904.818363481752,9940.000000000002
14605.914783568935,0.9456979800451887,6535.076991283045,9940.000000000002
13053.828140924048,0.9438748641904782,4848.014378495811,9940.000000000002
2986.555947975943,0.9456037746019998,-4739.694901734907,9940.000000000002
-52.408882427589845,0.9482822054021289,-7342.742992014393,9940.000000000002
697.182997187826,0.9498250150299639,-4229.511765714348,6996.544276042074
-8125.764088474158,0.9499908216934567,-454.54813181396,0.0
-14228.140978948155,0.9499998612770573,-24.78142766673136,0.0
-10390.995718742035,0.9499999979033109,-0.37455194525909974,0.0
-6213.3489947991475,0.9499999999683101,-0.0056610604203797266,0.0
864.7104040695234,0.949999999999521,-8.556265674997121e-05,2132.357657033289
11539.858256669035,0.9488025887255189,3184.1460093367737,9940.000000000002
14214.707334942837,0.9465003838877086,6122.003781114327,9940.000000000002
13680.41764791831,0.9444165986611619,5541.184184150391,9940.000000000002
13369.51987946376,0.9424573704655465,5209.9631729692255,9940.000000000002
9457.59550680775,0.9421539284599239,806.9104344066402,9940.000000000002
4887.8356153006325,0.9432883806782733,-3110.0266154566016,9940.000000000002
4148.382534871929,0.9446540318883764,-3743.8435415383483,9940.000000000002
2527.964489576046,0.946526326492371,-5132.773294649105,9940.000000000002
-1625.7463868630916,0.9495941939028105,-8410.358007886021,9669.099502643245
834.0261556343903,0.9499756646088061,-1045.7770097972457,3346.0197282971194
3297.038689373382,0.9499996321895481,-65.70555622337224,4692.546093504065
2498.944202020341,0.9499999944408319,-0.9930882200580982,3801.125311167084
849.5062381315405,0.9499999999159775,-0.015009753640015333,2116.8609688885585
841.7396932316442,0.94999999999873,-0.00022686063039145665,2108.9183243901834
1657.5971341681761,0.9499999999999807,-3.4289571431145305e-06,2941.425651192476
5825.633087331877,0.9499999999999996,-5.1858478400390595e-08,7194.523558563652
5965.495193736421,0.95,-8.992628863779828e-10,7337.2399936096635
2631.225233579389,0.95,0.0,3934.923707734071
-789.1957237120481,0.95,0.0,476.5881907621929
-2471.089116790212,0.95,0.0,0.0
2527.964489576046,0.95,0.0,3829.5556016082105
5083.681743480747,0.95,0.0,6437.430350490558
6920.577709624303,0.95,0.0,8311.813989412554
1817.4857838302246,0.95,0.0,3104.577330439005
-784.2751877562853,0.95,0.0,481.4103159988405
5257.86862471801,0.95,0.0,6615.172066038786
7143.3435196925775,0.95,9.094947017729282e-13,8539.12604050263
9174.923458152718,0.9497876722739305,564.6201069880431,9940.000000000002
12352.904185592379,0.9482539678449654,4078.413944332533,9940.000000000002
8943.426633428951,0.9481162589802368,366.1942572248139,9940.000000000002
7196.3691289333465,0.9485289201412386,-1131.2836037714192,9940.000000000002
5323.164894029198,0.9495272613702814,-2736.8872336892605,9940.000000000002
5395.9298068555745,0.9499731199316215,-1222.2921072111867,8211.160474763905
5469.27565590324,0.9499995937287377,-72.57618462188634,6917.293746219837
2437.214013863787,0.9499999938595268,-1.096932408206385,3738.2589472857426
383.2936769706388,0.9499999999071915,-0.016579277451000962,1641.1357341438759
1386.1447329042808,0.9499999999985972,-0.0002505827544609929,2664.4336992355384
1375.0246786416833,0.9499999999999788,-3.78747040485905e-06,2653.0864112861213
3397.669260333289,0.9499999999999996,-5.7254283092333935e-08,4717.009449387842
6501.209719246508,0.95,-8.992628863779828e-10,7883.887468619956
-1656.0116692738152,0.95,0.0,0.0
-2665.65187800019,0.95,0.0,0.0
-1664.6725027458447,0.95,0.0,0.0
5250.976049037757,0.95,0.0,6608.138825548732
7350.00671307481,0.95,0.0,8750.006850076337
6473.331278582259,0.95,0.0,7855.440080185978
4504.528703333303,0.95,0.0,5846.4578605441875
3505.3542637417418,0.95,0.0,4826.89210585892
1442.723298485525,0.95,0.0,2722.1666311076788
-2676.695410477854,0.95,0.0,0.0
-3667.4501022821405,0.95,0.0,0.0
3309.7158259424373,0.95,4.547473508864641e-13,4627.261046880038
5347.355771138684,0.95,0.0,6706.4854807537595
7474.070761889114,0.95,0.0,8876.602818254198
7630.615732864333,0.95,9.094947017729282e-13,9036.342584555441
8854.366768693559,0.9498909979899147,289.8572303087635,9940.000000000002
6898.466339389547,0.9499925835118177,-278.4900692627216,8620.787163465364
4832.715263177195,0.9499998879055672,-20.02451809208742,6205.180817297242
527.515087393318,0.9499999983057801,-0.30265496838705985,1788.6410049555473
-2697.6845778427423,0.9499999999743931,-0.004574393663915544,0.0
-28786.75441442721,0.9499999999996129,-6.913849483680679e-05,0.0
-27702.76187506897,0.9499999999999941,-1.0449641649756813e-06,0.0
-24451.140642166272,0.9499999999999998,-1.5887280824244954e-08,0.0
-21144.520040484065,0.95,-2.9967850423417985e-10,0.0
-17790.57452922074,0.95,0.0,0.0
-14396.978437470341,0.95,0.0,0.0
-10971.406036761022,0.95,0.0,0.0
-7521.531647615988,0.95,0.0,0.0
-4055.0295956874193,0.95,0.0,0.0
-755.9168274754235,0.95,0.0,509.20150907408504
0.0,0.95,0.0,1250.0
0.0,0.95,0.0,1250.0
0.0,0.95,0.0,1250.0
0.0,0.95,0.0,1250.0
0.0,0.95,0.0,1250.0
0.0,0.95,0.0,1250.0
0.0,0.95,0.0,1250.0
0.0,0.95,0.0,1250.0
0.0,0.95,0.0,1250.0
0.0,0.95,0.0,1250.0
0.0,0.95,0.0,1250.0
0.0,0.95,0.0,1250.0
0.0,0.95,0.0,1250.0
0.0,0.95,0.0,1250.0
0.0,0.95,0.0,1250.0
0.0,0.95,0.0,1250.0
0.0,0.95,0.0,1250.0
0.0,0.95,0.0,1250.0
0.0,0.95,0.0,1250.0
0.0,0.95,0.0,1250.0
0.0,0.95,0.0,1250.0
0.0,0.95,0.0,1250.0
0.0,0.95,0.0,1250.0
0.0,0.95,0.0,1250.0
0.0,0.95,0.0,1250.0
0.0,0.95,0.0,1250.0
0.0,0.95,0.0,1250.0
0.0,0.95,0.0,1250.0
0.0,0.95,0.0,1250.0
0.0,0.95,0.0,1250.0
0.0,0.95,0.0,1250.0
0.0,0.95,0.0,1250.0
0.0,0.95,0.0,1250.0
0.0,0.95,0.0,1250.0
0.0,0.95,0.0,1250.0
0.0,0.95,0.0,1250.0
0.0,0.95,0.0,1250.0
0.0,0.95,0.0,1250.0
1890.1835401003266,0.95,2.2737367544323206e-13,3178.7587143880883
5674.387770741077,0.95,0.0,7040.191602797017
9470.103474992087,0.9496925262745267,817.6315499932161,9940.000000000002
13285.004943995129,0.9477697371880285,5113.064599856829,9940.000000000002
17126.766518087043,0.9442876756528465,9259.468807619758,9940.000000000002
21003.062468731598,0.9392485415934109,13400.022994803754,9940.000000000002
18086.604660655157,0.9353803969422528,10286.137789029126,9940.000000000002
17782.635143710326,0.9316314862637284,9969.07180979406,9940.000000000002
14228.573812710698,0.929323369241898,6137.725411236616,9940.000000000002
7047.538580031152,0.929782564082668,-1258.8526456875848,9940.000000000002
-4252.869782021628,0.9337223123531102,-10800.562404560205,9940.000000000002
-3330.606479643956,0.9373851227247542,-10041.355254042905,9940.000000000002
-1627.8972609352804,0.9405366423271808,-8639.685025201925,9940.000000000002
4169.530357219478,0.9418956814136293,-3725.7168366690203,9940.000000000002
3386.25133369585,0.9434996222055323,-4397.09885683213,9940.000000000002
3422.3101029821373,0.9450922887850159,-4366.191340301027,9940.000000000002
5182.88951840608,0.9461344888149351,-2857.123269937647,9940.000000000002
14239.651582147466,0.9438216486173611,6150.285240530005,9940.000000000002
-4343.033808212479,0.9477884714075159,-10874.785430920514,9940.000000000002
-19303.98664394928,0.9497592194917259,-5402.67707631717,0.0
-8591.330078707386,0.9499890648794638,-630.1061091358822,0.0
-21850.138102976896,0.9499998347241844,-29.524825447691,0.0
-9430.507290803349,0.9499999975019849,-0.4462447020903255,0.0
-1918.2570252045648,0.9499999999622444,-0.006744640546003211,0.0
6298.029102267121,0.9499999999994293,-0.00010194005608354928,7676.560429793048
4118.433978621261,0.9499999999999913,-1.540767470942228e-06,5452.483653488595
10144.247614325968,0.949421022990279,1539.6108045747887,9940.000000000002
16769.705289071775,0.9460818001398228,8879.633376115959,9940.000000000002
19419.12893902583,0.9416764690195746,11714.619538751078,9940.000000000002
25970.813128758247,0.9346244571798923,18752.650692915766,9940.000000000002
33000.137758147925,0.9247347895203564,26298.521231163624,9940.000000000002
34622.356256405474,0.9141828965302473,28059.50527182531,9940.000000000002
34458.413648768525,0.9036979285244446,27881.538915293666,9940.000000000002
16921.67737564331,0.9002950418610535,9048.92765310947,9940.000000000002
29280.040747625946,0.8919112514615604,22294.105060861282,9940.000000000002
20044.53365246368,0.8872559582777365,12379.316560150948,9940.000000000002
26419.744021320905,0.8800234559524511,19232.609477281647,9940.000000000002
24719.10319263675,0.8734750108214021,17413.57032801288,9940.000000000002
28743.751226285127,0.8653063539177752,21722.02387438006,9940.000000000002
19112.170658482228,0.8610282244226238,11376.36604496212,9940.000000000002
18051.752671207996,0.8571745848787666,10247.56592944353,9940.000000000002
16890.14790064576,0.8537849064738356,9013.804363075658,9940.000000000002
5991.971582533581,0.8545741371640858,-2163.6243578283606,9940.000000000002
2804.422954349548,0.8563599936694247,-4895.8088962718175,9940.000000000002
4346.136148758488,0.8576638148089577,-3574.3404439212973,9940.000000000002
2739.1486462229295,0.8594700801199744,-4951.7583032374905,9940.000000000002
5849.858373705241,0.8603037442319866,-2285.435679681223,9940.000000000002
5849.858373705241,0.8611374083439989,-2285.435679681223,9940.000000000002
5849.858373705241,0.8619710724560111,-2285.435679681223,9940.000000000002
5849.858373705241,0.8628047365680234,-2285.435679681223,9940.000000000002
9017.010205473507,0.862643309354821,429.26589040586134,9940.000000000002
9087.083061088542,0.8624592954098,489.32833807589145,9940.000000000002
13974.061055234084,0.8602596937790342,5849.16219414295,9940.000000000002
15831.914147841651,0.857302137507853,7864.708812031921,9940.000000000002
16130.077117230943,0.8542250098005852,8182.672171248763,9940.000000000002
13095.862919633393,0.8523837704049927,4896.208346289144,9940.000000000002
14952.091158740923,0.8497915854978445,6893.116347545325,9940.000000000002
16892.00007871199,0.8464011311825435,9015.867657419112,9940.000000000002
13765.79561901351,0.8442807403932464,5638.525389366672,9940.000000000002
15679.253745807357,0.8413874167745352,7693.90188172144,9940.000000000002
19432.463383057304,0.8369765599426249,11729.313464822697,9940.000000000002
25185.919933917063,0.8302397208131552,17914.54606732517,9940.000000000002
24045.131341298853,0.8239650256066449,16685.616826403653,9940.000000000002
17260.902364431873,0.8204268945995618,9408.568276679416,9940.000000000002
13824.21841884269,0.8182814552006789,5705.1344417314895,9940.000000000002
10255.541568595276,0.817651636898778,1674.8075420253567,9940.000000000002
6593.4552503159875,0.818252806410803,-1648.0669283005832,9940.000000000002
2877.947479950459,0.8200156745797105,-4832.787874328179,9940.000000000002
8296.328359782172,0.820084420120001,-188.4614059009964,9940.000000000002
11978.2271447376,0.8187028833478958,3673.770988432558,9940.000000000002
13917.62706770262,0.8165273432073556,5785.178081295485,9940.000000000002
15924.928947640055,0.8135306504788457,7968.780150868303,9940.000000000002
12371.75365765599,0.8119887266367122,4100.270938840433,9940.000000000002
16230.456347773268,0.8088694562679686,8294.737582920185,9940.000000000002
12639.438049537323,0.8072108072142108,4410.66564185682,9940.000000000002
14633.2714358907,0.8047416650037059,6565.922241392151,9940.000000000002
10955.344047958508,0.8037986882457366,2507.5558799021683,9940.000000000002
9087.09396966966,0.8036146707845296,489.33768828827885,9940.000000000002
5276.194849697113,0.8046276977687334,-2777.1472716881904,9940.000000000002
9009.513503094646,0.8044686869834713,422.8401455096954,9940.000000000002
9009.513503094646,0.8043096761982091,422.8401455096954,9940.000000000002
9009.513503094646,0.804150665412947,422.8401455096954,9940.000000000002
9009.513503094646,0.8039916546276848,422.8401455096954,9940.000000000002
9009.513503094646,0.8038326438424227,422.8401455096954,9940.000000000002
7109.167721551297,0.8042725695831522,-1206.0276672417463,9940.000000000002
3290.1320164006233,0.8059065632476915,-4479.486843085181,9940.000000000002
3205.5555722465124,0.8075670007653056,-4551.98093807442,9940.000000000002
-4323.833488738015,0.8115280580694894,-10858.979727929136,9940.000000000002
-750.8214624138727,0.814416208709817,-7917.676227859101,9940.000000000002
972.8667486905988,0.8167747235207283,-6465.714215408059,9940.000000000002
4510.265180607108,0.8180272277238859,-3433.65841662248,9940.000000000002
2643.3096380596926,0.8198634582654823,-5033.9060245202645,9940.000000000002
6167.8875786379,0.8205976866817423,-2012.8392183103724,9940.000000000002
13364.15609163364,0.8186407711146455,5203.8134506232955,9940.000000000002
9859.801921363127,0.8181917345557208,1194.0742484974787,9940.000000000002
9898.853516044466,0.8177248584515246,1241.5130175467268,9940.000000000002
8115.703715284188,0.8178500784819474,-343.28252975641226,9940.000000000002
2668.9180342846016,0.8196783022472597,-5011.9559706131995,9940.000000000002
793.7338149513917,0.8220928251468065,-6619.256730041666,9940.000000000002
706.9218742570838,0.8245344908545881,-6693.6669649225005,9940.000000000002
621.9272656535613,0.8270027311596412,-6766.519486582663,9940.000000000002
-1215.9415348478815,0.8300305483954158,-8300.563071486778,9940.000000000002
12695.517597886479,0.8283474455544841,4475.692947456491,9940.000000000002
497.81369806330895,0.8308544914747268,-6872.902544517166,9940.000000000002
5640.517968337563,0.8317536084084736,-2464.8703128535185,9940.000000000002
3869.4606498728886,0.8332064679355026,-3982.9194429660974,9940.000000000002
3816.541764804252,0.8346758731950417,-4028.278487310642,9940.000000000002
8956.625716153103,0.8345339098420504,377.5077567026576,9940.000000000002
10733.932241095903,0.8336855531647225,2255.9429556558566,9940.000000000002
12564.825993309218,0.8320594390973781,4324.148879069129,9940.000000000002
14460.136970441243,0.8296637075664132,6370.709178533363,9940.000000000002
16431.041203291556,0.8264602247603197,8518.674589482824,9940.000000000002
16687.23418113014,0.8231555505253821,8787.761987712925,9940.000000000002
16946.269642783416,0.8197423617234195,9076.323013527552,9940.000000000002
24571.273575645646,0.8132546515689685,17252.06438802347,9940.000000000002
17686.920210084118,0.8095456632469146,9862.910614556473,9940.000000000002
12327.55639947916,0.8080100486999982,4083.493313956318,9940.000000000002
16179.23785190226,0.8049122816215382,8237.556213886324,9940.000000000002
8817.67006111411,0.804815108138854,258.40290952637895,9940.000000000002
5054.263314151027,0.8058975247146556,-2967.3743021562636,9940.000000000002
-2467.4039601237637,0.8093011320025632,-9330.766939973884,9940.000000000002
-4406.243383432329,0.8132869354101839,-10926.819553241494,9940.000000000002
-8111.6777813512645,0.8183854093682307,-13977.133149608362,9940.000000000002
-11699.281891320217,0.8245611717116802,-16930.448852934802,9940.000000000002
-9939.122451327445,0.8302083920914576,-15481.485601932753,9940.000000000002
7222.411751458149,0.8306129107100456,-1108.9613558930164,9940.000000000002
7222.411751458149,0.8310174293286336,-1108.9613558930164,9940.000000000002
319.1533292720842,0.833580335584338,-7026.040003481072,9940.000000000002
-9930.215900388883,0.8392248814984871,-15474.153729200127,9940.000000000002
5088.996848780031,0.8402964382125897,-2937.602701045689,9940.000000000002
8424.52769904477,0.8403251006715253,-78.57625796162733,9940.000000000002
5088.996848780031,0.841396657385628,-2937.602701045689,9940.000000000002
41.02828756938743,0.844046522815518,-7264.432896369099,9940.000000000002
4950.332855510012,0.845161434512222,-3056.457552419991,9940.000000000002
6586.050318352293,0.8457649192662134,-1654.4140128408926,9940.000000000002
6586.050318352293,0.8463684040202049,-1654.4140128408926,9940.000000000002
-46.32709520490971,0.8490450085768196,-7337.736464772683,9940.000000000002
-1750.4748704635604,0.8522333358734644,-8740.590913365604,9940.000000000002
-1816.1913026227257,0.8554413965484099,-8794.688680319028,9940.000000000002
-8255.033310204179,0.8605829174094825,-14095.14342096008,9940.000000000002
-11347.301959491384,0.8666529869616342,-16640.698973053306,9940.000000000002
-11244.155666702965,0.8726920836695666,-16555.78894482988,9940.000000000002
-12603.23687195284,0.8791392862755737,-17674.584592991578,9940.000000000002
-12424.236728832726,0.8855327385877195,-17527.231675175102,9940.000000000002
-10839.034242694172,0.8914501851382253,-16222.292988585843,9940.000000000002
-12044.335749114787,0.8977295605063972,-17214.497188671292,9940.000000000002
-19648.83604115165,0.9062924207826835,-23474.521829076042,9940.000000000002
-15223.298557795963,0.9135263774275083,-19831.419372777636,9940.000000000002
-18323.242795467475,0.9216911875947048,-22383.29346922882,9940.000000000002
-13051.402782388388,0.928272965787997,-18043.514770462123,9940.000000000002
-11543.8256195703,0.9344020476084957,-16802.47725003027,9940.000000000002
-8029.781951021775,0.9394759298267288,-13909.716502081126,9940.000000000002
-6822.9440429432125,0.9441874218754824,-12916.247536150855,9940.000000000002
1397.3293589038067,0.9464132232930551,-6101.889120939596,9940.000000000002
-2667.9900289583893,0.9495821390139344,-8687.37534703123,8977.483279991291
-7563.8851607057695,0.9499752062995277,-1077.568274879858,0.0
-12022.693151615451,0.9499996252625609,-66.9429912750984,0.0
-21691.734225447548,0.9499999943361359,-1.01179108551446,0.0
-23953.483424072405,0.9499999999143951,-0.015292432919977728,0.0
-8429.533021354757,0.9499999999987061,-0.00023113311272027204,0.0
-5364.589672884713,0.9499999999999804,-3.4934055292978883e-06,0.0
-2660.3690688316183,0.9499999999999996,-5.275774128676858e-08,0.0
-7859.216383650705,0.95,-8.992628863779828e-10,0.0
-7224.553697577746,0.95,0.0,0.0
-13255.761568915195,0.95,0.0,0.0
-6009.066499350629,0.95,0.0,0.0
-8309.855820603929,0.95,0.0,0.0
-6682.4025389462495,0.95,0.0,0.0
-3213.025262535315,0.95,0.0,0.0
-294.4528147099826,0.95,0.0,961.436241584217
0.0,0.95,0.0,1250.0
0.0,0.95,0.0,1250.0
0.0,0.95,0.0,1250.0
0.0,0.95,0.0,1250.0
0.0,0.95,0.0,1250.0
0.0,0.95,0.0,1250.0
0.0,0.95,0.0,1250.0
0.0,0.95,0.0,1250.0
0.0,0.95,0.0,1250.0
0.0,0.95,0.0,1250.0
0.0,0.95,0.0,1250.0
0.0,0.95,0.0,1250.0
0.0,0.95,0.0,1250.0
189.5360860903687,0.95,0.0,1443.404169479968
3036.1548838087824,0.95,4.547473508864641e-13,4348.117228376308
6823.037024714193,0.95,0.0,8212.28267827979
10623.756179898022,0.9492019739390682,2122.1042029859336,9940.000000000002
14445.986650226654,0.9468122422800523,6354.754369406532,9940.000000000002
17130.547889593996,0.9433286001121818,9263.672012798446,9940.000000000002
17865.142922466774,0.9395452757342447,10060.584430420111,9940.000000000002
19018.002141532776,0.9352978482068109,11294.723630105103,9940.000000000002
10734.5519542393,0.9344492084321917,2256.695765596814,9940.000000000002
13861.924524357648,0.9322876026476031,5748.123958907361,9940.000000000002
13888.262361121395,0.9301147045902656,5778.152275819626,9940.000000000002
15652.307471645758,0.9272327187555541,7663.752541673107,9940.000000000002
20596.359319487037,0.9223588981756553,12960.422777580683,9940.000000000002
10497.471084792944,0.9216185616582522,1968.696653052651,9940.000000000002
10828.443537135372,0.9207328735699809,2355.214330294563,9940.000000000002
7916.578099124765,0.9209203526441575,-513.9616293216313,9940.000000000002
10272.86719690715,0.9202826196505994,1695.854223648138,9940.000000000002
11674.769736545,0.9190250113904821,3344.221329550307,9940.000000000002
13177.559805811652,0.9171485479042186,4989.875952547181,9940.000000000002
4203.045343426395,0.9184971081229408,-3696.989705634519,9940.000000000002
6560.395481943226,0.9191086141733044,-1676.4038726200938,9940.000000000002
1942.8225884554327,0.921163860503585,-5634.32349560963,9940.000000000002
-394.6825605539789,0.9239450694940529,-7624.502683848035,9940.000000000002
5366.326426427224,0.9249299157454736,-2699.891634490952,9940.000000000002
12505.020584977357,0.923329880146488,4254.801234899531,9940.000000000002
9221.409273947223,0.9231025685490534,604.4650919547622,9940.000000000002
3310.9210963391465,0.9247300622551119,-4461.667631709304,9940.000000000002
3310.9210963391465,0.9263575559611704,-4461.667631709304,9940.000000000002
3310.9210963391465,0.927985049667229,-4461.667631709304,9940.000000000002
3310.9210963391465,0.9296125433732875,-4461.667631709304,9940.000000000002
3310.9210963391465,0.931240037079346,-4461.667631709304,9940.000000000002
4521.3994855288165,0.9324890600067609,-3424.114726689587,9940.000000000002
6980.983463136957,0.9329690641136349,-1315.8998887397524,9940.000000000002
4609.189306960907,0.9341906384865186,-3348.866308319223,9940.000000000002
2180.0170327618544,0.9361717230912961,-5431.013971918412,9940.000000000002
-1477.103599422592,0.9392779622627833,-8515.55168304468,9940.000000000002
-7432.572462536644,0.9441725139791336,-13418.093651160165,9940.000000000002
-8468.961344797113,0.949292801047236,-14036.932365248686,9661.051650252028
-3833.842648026306,0.9499520863661549,-1807.3876147915212,0.0
-20003.48636562108,0.9499992758228056,-129.36681138161475,0.0
-21786.98296318395,0.9499999890546267,-1.9552784246700412,0.0
-28092.791743597052,0.9499999998345692,-0.02955250784089003,0.0
-20277.391713247798,0.9499999999974996,-0.00044666310645880003,0.0
-18124.67771641851,0.9499999999999622,-6.750899729013327e-06,0.0
-16527.264511231144,0.9499999999999994,-1.0191843102802522e-07,0.0
-15115.273951675643,0.95,-1.4988472685217857e-09,0.0
-10347.688172881075,0.95,0.0,0.0
-10867.182719830704,0.95,0.0,0.0
-7416.691707993983,0.95,0.0,0.0
-3949.8055880964785,0.95,0.0,0.0
-686.5729073519732,0.95,0.0,577.1585507950663
0.0,0.95,0.0,1250.0
0.0,0.95,0.0,1250.0
0.0,0.95,0.0,1250.0
0.0,0.95,0.0,1250.0
0.0,0.95,0.0,1250.0
1185.9576984286641,0.95,0.0,2460.160916763943
4870.974956813482,0.95,0.0,6220.382608993349
8663.60754669166,0.9499524858135729,126.34932573570757,9940.000000000002
12473.798018252193,0.9483660649818991,4218.596959939925,9940.000000000002
16309.220709744855,0.9452137266186611,8382.67171632302,9940.000000000002
20177.54989472047,0.9405127116302245,12500.899599210517,9940.000000000002
24086.459847110826,0.9342210277421956,16730.792985703163,9940.000000000002
22093.291549275425,0.928737762796195,14581.05212053789,9940.000000000002
6794.494760646569,0.929276074862195,-1475.747348017228,9940.000000000002
18692.51845246009,0.9251638177199842,10935.279676274504,9940.000000000002
16217.687466274334,0.9220499081678909,8280.482144279833,9940.000000000002
12096.085126220876,0.920616388072648,3812.0046049975062,9940.000000000002
3344.704381229478,0.9222333190241363,-4432.710530374734,9940.000000000002
1342.0534392932805,0.9244764031297124,-6149.2684806057605,9940.000000000002
-668.9289198412924,0.9273399630174763,-7850.262286813353,9940.000000000002
-1665.8939866729966,0.9305028923044908,-8670.963929829211,9940.000000000002
-2635.727305926649,0.9339570438497543,-9469.330718238818,9940.000000000002
-5453.530916657148,0.93825732752363,-11788.946650592166,9940.000000000002
-24613.780743677205,0.9483110650255653,-27561.664308195075,9940.000000000002
-24152.6960753814,0.9498274926826767,-4157.187317146787,0.0
-20841.456162548624,0.9499908878495377,-447.93717139887553,0.0
-17483.588930686354,0.9499998622769549,-24.602806248175057,0.0
-14086.76878251053,0.9499999979184236,-0.3718522217143345,0.0
-10658.669983820002,0.9499999999685386,-0.005620256160455028,0.0
-7206.966880616512,0.9499999999995244,-8.494575035911112e-05,0.0
-3739.3337598459457,0.9499999999999927,-1.2838729617214995e-06,0.0
-557.8800055085204,0.9499999999999998,-1.9484332369756885e-08,703.2775946248457
0.0,0.95,-2.9967850423417985e-10,1250.0000000003567
0.0,0.95,0.0,1250.0
0.0,0.95,0.0,1250.0
0.0,0.95,0.0,1250.0
0.0,0.95,0.0,1250.0
0.0,0.95,0.0,1250.0
0.0,0.95,0.0,1250.0
0.0,0.95,0.0,1250.0
0.0,0.95,0.0,1250.0
0.0,0.95,0.0,1250.0
0.0,0.95,0.0,1250.0
0.0,0.95,0.0,1250.0
0.0,0.95,0.0,1250.0
0.0,0.95,0.0,1250.0
0.0,0.95,0.0,1250.0
0.0,0.95,0.0,1250.0
0.0,0.95,0.0,1250.0
0.0,0.95,0.0,1250.0
1890.1835401003266,0.95,2.2737367544323206e-13,3178.7587143880883
5674.387770741077,0.95,0.0,7040.191602797017
9470.103474992087,0.9496925262745267,817.6315499932161,9940.000000000002
13285.004943995129,0.9477697371880285,5113.064599856829,9940.000000000002
17126.766518087043,0.9442876756528465,9259.468807619758,9940.000000000002
21003.062468731598,0.9392485415934109,13400.022994803754,9940.000000000002
24921.567121294625,0.9326202522377454,17625.891419939315,9940.000000000002
28889.954944906298,0.9243917844980211,21881.072347707122,9940.000000000002
14593.077865324765,0.921939684748246,6520.603072865896,9940.000000000002
14447.964775227016,0.919549114345193,6356.984750509657,9940.000000000002
26610.891392079488,0.912238247987973,19440.99445325254,9940.000000000002
18791.77108549434,0.9080847721392893,11044.888114557754,9940.000000000002
9498.571967560005,0.9077681221043696,842.0331150514321,9940.000000000002
16666.907680086966,0.9044719630026334,8765.118616975944,9940.000000000002
6615.493439919159,0.9050662420068613,-1629.1770514978652,9940.000000000002
9082.450608788651,0.9048837212499921,485.3576646759856,9940.000000000002
9256.339533009319,0.9046451505082445,634.4053140079867,9940.000000000002
2118.884257736545,0.9066453490180458,-5483.413493368677,9940.000000000002
4521.3994855288165,0.9078943719454607,-3424.114726689587,9940.000000000002
4543.230728237919,0.9091365690695398,-3405.402232938928,9940.000000000002
923.5347339979244,0.911510508134349,-6507.998799430351,9940.000000000002
-300.4051311994788,0.9142634074293945,-7546.893504003412,9940.000000000002
6867.153099738576,0.9147790019827013,-1413.46877165265,9940.000000000002
3310.9210963391465,0.9164064956887599,-4461.667631709304,9940.000000000002
-1497.4780083777232,0.9195188529026659,-8532.323896496542,9940.000000000002
2044.199443487348,0.9215424025272448,-5547.429048439418,9940.000000000002
2029.4907668722205,0.9235705509983139,-5560.0364855380985,9940.000000000002
831.3041643688555,0.9259733270715439,-6587.053573398125,9940.000000000002
3165.9843963592584,0.9276461369981854,-4585.899088834923,9940.000000000002
3165.9843963592584,0.929318946924827,-4585.899088834923,9940.000000000002
3165.9843963592584,0.9309917568514685,-4585.899088834923,9940.000000000002
3165.9843963592584,0.93266456677811,-4585.899088834923,9940.000000000002
3165.9843963592584,0.9343373767047516,-4585.899088834923,9940.000000000002
809.004620941939,0.9367471250012279,-6606.167467764054,9940.000000000002
4307.283271271401,0.9380630939650644,-3607.642910338801,9940.000000000002
4328.354286963871,0.9393724748197804,-3589.5820397452544,9940.000000000002
6726.586688805153,0.9399320191696902,-1533.9542667384417,9940.000000000002
-341.00612511206396,0.9426971101608752,-7580.316242192252,9940.000000000002
809.004620941939,0.9451068584573515,-6606.167467764054,9940.000000000002
3130.506184854532,0.9467907610779668,-4616.308984410402,9940.000000000002
3130.506184854532,0.948474663698582,-4616.308984410402,9940.000000000002
787.0049003229899,0.9498512595205073,-3773.8474795731936,6545.741795739847
765.3032941200393,0.9499915224505211,-384.5216558697955,2488.6856047293886
1900.496075291192,0.9499998718684536,-22.8893835929166,3216.530975662852
-8371.908660219553,0.9499999980633916,-0.3459551752071093,0.0
-13617.84926398829,0.9499999999707296,-0.005228842459018779,0.0
-17169.419696636633,0.9499999999995575,-7.902998254394333e-05,0.0
-18123.78490611283,0.9499999999999933,-1.1945444384764414e-06,0.0
-20376.496460167546,0.9499999999999998,-1.7985712474910542e-08,0.0
-22399.568211361846,0.95,-2.9967850423417985e-10,0.0
-17722.20295419926,0.95,0.0,0.0
-18913.340962062968,0.95,0.0,0.0
-15532.109038560784,0.95,0.0,0.0
-10758.067481243286,0.95,0.0,0.0
-8613.614230479337,0.95,0.0,0.0
-5708.325630804763,0.95,0.0,0.0
-2383.9839994435915,0.95,0.0,0.0
-143.6837441520482,0.95,0.0,1109.1899307309927
0.0,0.95,0.0,1250.0
0.0,0.95,0.0,1250.0
0.0,0.95,0.0,1250.0
0.0,0.95,0.0,1250.0
0.0,0.95,0.0,1250.0
267.4320314091958,0.95,0.0,1522.8898279685673
1909.2471772459967,0.95,2.2737367544323206e-13,3198.2114053530577
3208.5172452775264,0.95,0.0,4523.9971890587
2282.067409817055,0.95,0.0,3578.6402140990353
5357.138448174832,0.95,0.0,6716.467804260033
3758.4676247160064,0.95,0.0,5085.171045628578
3510.8280194692384,0.95,0.0,4832.477570886978
5788.337005756874,0.95,0.0,7156.466332404973
9732.88163936501,0.949607824432788,1042.8699765985793,9940.000000000002
10804.367873528969,0.9487330051954864,2326.31197302397,9940.000000000002
10487.81716076434,0.9479970787826171,1956.9693400927333,9940.000000000002
9010.101079886428,0.9478378786024844,423.34378275979395,9940.000000000002
8328.073572003448,0.9478966986163923,-161.25122399704628,9940.000000000002
7413.857852425383,0.948241359284976,-944.8646979211023,9940.000000000002
8503.582088496716,0.9482453044283459,-10.815352717101177,9940.000000000002
8934.333173204212,0.9481105266778925,358.3998627464656,9940.000000000002
7766.642268442341,0.9483448850116178,-642.4780556208511,9940.000000000002
7241.500474738479,0.9487434353088978,-1092.5995930813046,9940.000000000002
4960.881248816876,0.9498550489222458,-3047.4160724426783,9940.000000000002
2527.964489576046,0.9499916236317589,-374.41064040751894,4275.282554474305
1702.2033177429412,0.9499998733977291,-22.616194250768558,3013.8662017369097
1702.2033177429412,0.9499999980865054,-0.3418261314002393,2987.3490968328997
1702.2033177429412,0.949999999971079,-0.0051664353795786155,2986.9483114804943
1702.2033177429412,0.9499999999995629,-7.808663690411777e-05,2986.942253922467
1702.2033177429412,0.9499999999999933,-1.1801557775470428e-06,2986.9421623671324
6794.494760646569,0.9499999999999998,-1.79854851012351e-08,8183.157919048523
3495.077684736506,0.95,-2.994511305587366e-10,4816.405800751893
3531.7901091012345,0.95,0.0,4853.867458266566
-1644.8368751781222,0.95,0.0,0.0
-1637.8497533434465,0.95,0.0,0.0
40.72426209304399,0.95,0.0,1291.5553694826979
1702.2033177429412,0.95,0.0,2986.942160962185
1702.2033177429412,0.95,0.0,2986.942160962185
-3269.6485026142195,0.95,0.0,0.0
-8722.579479676278,0.95,0.0,0.0
-22252.364168888103,0.95,0.0,0.0
-18913.340962062968,0.95,0.0,0.0
-15532.109038560784,0.95,0.0,0.0
-12116.34269423044,0.95,0.0,0.0
-8673.716279247767,0.95,0.0,0.0
-5211.904074915527,0.95,0.0,0.0
-1738.5804117315445,0.95,0.0,0.0
0.0,0.95,0.0,1250.0
0.0,0.95,0.0,1250.0
0.0,0.95,0.0,1250.0
0.0,0.95,0.0,1250.0
0.0,0.95,0.0,1250.0
0.0,0.95,0.0,1250.0
0.0,0.95,0.0,1250.0
0.0,0.95,0.0,1250.0
0.0,0.95,0.0,1250.0
0.0,0.95,0.0,1250.0
0.0,0.95,0.0,1250.0
0.0,0.95,0.0,1250.0
0.0,0.95,0.0,1250.0
0.0,0.95,0.0,1250.0
0.0,0.95,0.0,1250.0
0.0,0.95,0.0,1250.0
1890.1835401003266,0.95,2.2737367544323206e-13,3178.7587143880883
5674.387770741077,0.95,0.0,7040.191602797017
9470.103474992087,0.9496925262745267,817.6315499932161,9940.000000000002
12405.972548710606,0.9481356811018224,4139.949615851814,9940.000000000002
8083.670399336187,0.9482709167377591,-370.73965771184044,9940.000000000002
7966.447158045729,0.9484428036446334,-471.21672167509064,9940.000000000002
6414.425499753414,0.9490999489838198,-1801.52100021136,9940.000000000002
954.199597636433,0.9499286937681823,-2271.949664428012,4928.375040274606
954.199597636433,0.9499989222619377,-192.5268259075574,2452.8716610835886
3847.5099623787673,0.9499999837108299,-2.9098927680438464,5179.494731913081
2173.8153054493614,0.9499999997538019,-0.04398075903463905,3468.2312411580633
1008.792130481678,0.9499999999962788,-0.0006647347672696924,2279.3805163322177
-172.05228317816332,0.9499999999999437,-1.004706314233772e-05,1081.3887744461895
-1900.5321208562987,0.9499999999999991,-1.5197838365565985e-07,0.0
385.5614589865364,0.95,-2.3981101548997685e-09,1643.4300601931982
-739.2924774032494,0.95,0.0,525.4933721448156
3178.1689205019034,0.95,4.547473508864641e-13,4493.029510716227
1526.1790103768822,0.95,0.0,2807.325520792737
389.8993971959927,0.95,0.0,1647.856527751013
-1300.305591814264,0.95,0.0,0.0
368.56953613480914,0.95,0.0,1626.0913634028666
916.2983023280776,0.95,2.2737367544323206e-13,2184.9982676817117
1471.5271665896112,0.95,0.0,2751.5583332547053
3178.1689205019034,0.95,4.547473508864641e-13,4493.029510716227
4436.196146125925,0.95,0.0,5776.730761352985
6449.934505720571,0.95,0.0,7831.565822163848
5499.370376261692,0.95,0.0,6861.602424756829
7739.656794929197,0.95,0.0,9147.608974417548
6746.972118371669,0.95,0.0,8134.665426909866
1998.4051220702136,0.95,0.0,3289.1889000716465
2011.0753813374176,0.95,0.0,3302.1177360585893
4182.220423708014,0.95,0.0,5517.571860926545
4273.800213130908,0.95,0.0,5611.020625643783
4366.124793166953,0.95,0.0,5705.229380782605
2179.9766387585437,0.95,0.0,3474.4659579168815
1436.8869423624978,0.95,2.2737367544323206e-13,2716.211165676018
1436.8869423624978,0.95,2.2737367544323206e-13,2716.211165676018
2953.05442807844,0.95,0.0,4263.320844978
9238.704971303994,0.9497671134438401,619.2899754034222,9940.000000000002
13018.399598141234,0.9479592728127237,4807.3946321270705,9940.000000000002
9427.324394339386,0.9476655881588342,780.9637665766162,9940.000000000002
6220.675744429767,0.9483833117135543,-1967.5922190602005,9940.000000000002
6364.394930575971,0.9490560997181874,-1844.4043452205974,9940.000000000002
-6079.043746502051,0.9499119895767869,-2346.366111405517,0.0
-25244.754662846317,0.9499931440105163,-222.4795762908136,0.0
-21950.76266959264,0.9499998963770678,-18.511171605961636,0.0
-18607.585085511146,0.9499999984338202,-0.2797819167344642,0.0
-15222.896550710035,0.9499999999763283,-0.004228685301995938,0.0
-11804.371260148679,0.9499999999996421,-6.391337456079782e-05,0.0
-8359.68356310843,0.9499999999999945,-9.66127117862925e-07,0.0
-4896.507741786553,0.9499999999999998,-1.4688339433632791e-08,0.0
-1430.6039486776488,0.95,-2.9967850423417985e-10,0.0
0.0,0.95,0.0,1250.0
0.0,0.95,0.0,1250.0
0.0,0.95,0.0,1250.0
0.0,0.95,0.0,1250.0
0.0,0.95,0.0,1250.0
0.0,0.95,0.0,1250.0
0.0,0.95,0.0,1250.0
0.0,0.95,0.0,1250.0
0.0,0.95,0.0,1250.0
0.0,0.95,0.0,1250.0
0.0,0.95,0.0,1250.0
0.0,0.95,0.0,1250.0
0.0,0.95,0.0,1250.0
0.0,0.95,0.0,1250.0
0.0,0.95,0.0,1250.0
0.0,0.95,0.0,1250.0
0.0,0.95,0.0,1250.0
0.0,0.95,0.0,1250.0
0.0,0.95,0.0,1250.0
0.0,0.95,0.0,1250.0
0.0,0.95,0.0,1250.0
0.0,0.95,0.0,1250.0
0.0,0.95,0.0,1250.0
0.0,0.95,0.0,1250.0
0.0,0.95,0.0,1250.0
712.318696049591,0.95,0.0,1976.855812295501
2857.6241017471975,0.95,4.547473508864641e-13,4165.942960966528
7052.912516482028,0.95,0.0,8446.849506614315
7636.085532401157,0.95,0.0,9041.924012654243
9271.066343037579,0.9497566823344153,647.0282940322093,9940.000000000002
7312.962826240127,0.9499889971345439,-636.8758418186951,9470.392491525787
7129.685609837772,0.9499998337002727,-29.707736731409796,8560.555751045324
12931.396081420979,0.9482295051446467,4707.642835841525,9940.000000000002
14058.158532239173,0.9459940472735288,5944.510807527406,9940.000000000002
10698.467595669552,0.9451618915517004,2212.861510774478,9940.000000000002
9985.956715920007,0.9446552249731294,1347.3235130223593,9940.000000000002
9800.838368978055,0.9442331241378472,1122.4469982726598,9940.000000000002
11138.295457780741,0.943207554781786,2727.18542350629,9940.000000000002
8328.711200160713,0.9432661754335018,-160.70468557653362,9940.000000000002
4297.540277909666,0.9445851906626139,-3615.994047506002,9940.000000000002
5232.820758056063,0.9456117790836702,-2814.325064523376,9940.000000000002
2691.4314332416498,0.9474329637612059,-4992.658771507158,9940.000000000002
2706.6217653729427,0.9492493989968012,-4979.638486823193,9940.000000000002
1841.2017158828344,0.9499376430972868,-1886.7762218805224,5374.939430010318
3605.8797953720446,0.949999057524065,-168.36363732555265,5129.902080529105
2752.5278946904373,0.9499999857552115,-2.5446850243970403,4061.731320291395
1877.1957702848922,0.9499999997847011,-0.03846092884168684,3165.5516748658583
-2526.3445441412177,0.9499999999967459,-0.0005813070024487388,0.0
-2502.0523983064413,0.9499999999999508,-8.785971886027255e-06,0.0
-13890.958225410779,0.9499999999999992,-1.3279372979013715e-07,0.0
-15057.494675433376,0.95,-2.0984316506655887e-09,0.0
-18081.254696092637,0.95,0.0,0.0
-11221.754698974755,0.95,0.0,0.0
-8942.127087100373,0.95,0.0,0.0
-11933.347272471534,0.95,0.0,0.0
-9305.797482397755,0.95,0.0,0.0
-6660.018813257615,0.95,0.0,0.0
-3347.0355349607494,0.95,0.0,0.0
-1247.7221352824292,0.95,0.0,27.23230742321948
-620.5606249200765,0.95,0.0,641.8505875783251
0.0,0.95,0.0,1250.0
0.0,0.95,0.0,1250.0
0.0,0.95,0.0,1250.0
0.0,0.95,0.0,1250.0
0.0,0.95,0.0,1250.0
0.0,0.95,0.0,1250.0
0.0,0.95,0.0,1250.0
0.0,0.95,0.0,1250.0
0.0,0.95,0.0,1250.0
0.0,0.95,0.0,1250.0
0.0,0.95,0.0,1250.0
0.0,0.95,0.0,1250.0
0.0,0.95,0.0,1250.0
358.65805214774207,0.95,0.0,1615.97760423239
1596.0205380924804,0.95,0.0,2878.5923858086535
1589.7143267043657,0.95,0.0,2872.1574762289447
4069.3092288538046,0.95,0.0,5402.35635597327
7439.682249140153,0.95,9.094947017729282e-13,8841.512499122604
7680.780298792971,0.95,0.0,9087.530917135686
9726.555279460117,0.9496098636217621,1037.4473823943847,9940.000000000002
5892.726073707165,0.9499762603486474,-1004.4526812132153,8458.762790941411
10139.944943308808,0.9493992488846451,1534.3840419203193,9940.000000000002
2574.484809184653,0.9499573103787687,-1529.8891145112566,5698.321880388898
-182.48259272592966,0.9499993547796807,-115.26197732428795,1208.3836988003604
916.2983023280776,0.9499999902479982,-1.7420948620672334,2187.072190136554
10809.58781802411,0.9491228144900327,2332.5784129941294,9940.000000000002
7321.223284118908,0.9494964384821333,-1024.2657564695087,9940.000000000002
7063.860017804923,0.9499505302270381,-1244.8628418814965,9940.000000000002
10977.189880753112,0.9489976912652753,2533.781369451514,9940.000000000002
8718.370344704012,0.9489325252702915,173.28886688915202,9940.000000000002
1436.8869423624978,0.9499032843894326,-2661.27268199867,5884.39292996015
-1555.3177345286856,0.9499929115723393,-245.707064431454,18.29703019933345
5905.395631126662,0.9499998928639461,-19.138754683667457,7298.698141079191
6085.87464103443,0.9499999983807221,-0.28926734527703957,7460.420530208082
3088.2358814115796,0.9499999999755259,-0.004372050121673965,4401.266308302777
-6176.615024826191,0.94999999999963,-6.608004150621127e-05,0.0
-5220.331444615037,0.9499999999999944,-9.988009423977928e-07,0.0
-6418.72779420626,0.9499999999999998,-1.498801793786697e-08,0.0
-14899.832159643996,0.95,-2.9967850423417985e-10,0.0
-15578.08329028307,0.95,0.0,0.0
-12788.94817524625,0.95,0.0,0.0
-9973.86687546401,0.95,0.0,0.0
-6726.883993693612,0.95,0.0,0.0
-2779.9217892478846,0.95,0.0,0.0
-1700.5717326184822,0.95,0.0,0.0
-647.2485724912297,0.95,0.0,615.696398958595
-633.4225748507606,0.95,0.0,629.2458766462546
22.926170917856798,0.95,0.0,1273.3940519569967
1749.468774318812,0.95,0.0,3035.1722186926654
5559.584511037294,0.95,0.0,6923.04541942581
8703.10725236486,0.9499397537898653,160.2062163127357,9940.000000000002
11232.620724167093,0.9488716017129376,2840.4210374154763,9940.000000000002
7312.962826240127,0.9492478084375787,-1031.3461489370357,9940.000000000002
10804.367873528969,0.9483729892002771,2326.31197302397,9940.000000000002
12283.673822897093,0.9468567298309216,4032.024188244301,9940.000000000002
11121.603098471207,0.945838696166031,2707.146576796164,9940.000000000002
14261.525346986935,0.9435165297556213,6175.085427422827,9940.000000000002
13306.286656047432,0.9415845649344038,5137.4646366056295,9940.000000000002
12673.777531683738,0.9399109419656844,4450.484150839213,9940.000000000002
10032.69901915904,0.9393829225731879,1404.1047365877516,9940.000000000002
10481.201308437281,0.9386500184132652,1948.9325904242942,9940.000000000002
7271.873972330784,0.9390390720674109,-1066.5651665736145,9940.000000000002
6538.7451720691215,0.9396573473502606,-1694.9612810836115,9940.000000000002
4806.77389012739,0.940817144502083,-3179.5080941765236,9940.000000000002
5823.2973491235,0.941659113241212,-2308.2022721798585,9940.000000000002
4967.860458512276,0.9427685447198343,-3041.4338927037647,9940.000000000002
2143.73785080593,0.9447609724517309,-5462.110413594919,9940.000000000002
-720.2017922198638,0.9476399285951035,-7892.470115355392,9940.000000000002
1156.151039560371,0.9497451297111538,-5771.271276045068,9300.307001645868
205.21104791429104,0.9499886886666639,-667.7009589448858,2254.281122465977
-2590.7064975765197,0.9499998290380215,-30.54060000745585,0.0
-4375.904912765988,0.949999997416043,-0.4615973418497106,0.0
-9492.556331862292,0.9499999999609454,-0.006976683730727018,0.0
-14681.1942949207,0.9499999999994097,-0.0001054472509167681,0.0
-13558.005362605301,0.9499999999999911,-1.5938251181069063e-06,0.0
-15645.380662312436,0.9499999999999998,-2.3980874175322242e-08,0.0
-13773.868355918716,0.95,-2.9967850423417985e-10,0.0
-7513.00476047089,0.95,0.0,0.0
-10236.694514815792,0.95,0.0,0.0
-10762.432184559995,0.95,0.0,0.0
-7942.698075213818,0.95,0.0,0.0
-4690.651721308319,0.95,0.0,0.0
-1021.0637690602302,0.95,0.0,249.35750632097438
68.88528736168522,0.95,0.0,1320.29110955274
-287.34079435636306,0.95,0.0,968.4060215307642
-30.19106148666996,0.95,0.0,1220.4127597430634
1568.374523504104,0.95,0.0,2850.3821668409228
5330.008839900619,0.95,0.0,6688.784530510836
9124.360926714755,0.949803970201675,521.2807943269312,9940.000000000002
12937.20111410748,0.9480311387722276,4714.298456899195,9940.000000000002
14629.96911407674,0.9455633967779523,6562.198798147187,9940.000000000002
10359.362274912368,0.9448861511121867,1800.9259899324184,9940.000000000002
6411.900860137842,0.9455440858106293,-1803.6849770247081,9940.000000000002
8056.900518937551,0.945687691374992,-393.68526948210047,9940.000000000002
9247.739920635233,0.945451892564497,627.0342176873417,9940.000000000002
10573.64366589542,0.9446767588968084,2061.2289430216456,9940.000000000002
10483.822642244675,0.9439426572594585,1952.1169123477562,9940.000000000002
16058.095932671009,0.940895749734963,8102.310914874076,9940.000000000002
14658.768929429842,0.938415796341818,6594.671247524907,9940.000000000002
10935.255871938465,0.9374818883013298,2483.440422495155,9940.000000000002
6656.1439321546195,0.9380634574351577,-1594.3337724388984,9940.000000000002
4898.463221775761,0.9391945868031913,-3100.9172384779204,9940.000000000002
7861.790100525427,0.9393991960109378,-560.9227709782065,9940.000000000002
2183.9678662037463,0.9413790453396275,-5427.627543253933,9940.000000000002
2183.9678662037463,0.9433588946683171,-5427.627543253933,9940.000000000002
1215.885135538289,0.9456414268273147,-6257.412740967183,9940.000000000002
-713.6197878979599,0.9485184065216167,-7887.051809397601,9940.000000000002
224.53495097480436,0.949854792771443,-3663.615565525867,5840.564398729574
2104.0575135354056,0.9499916167922478,-375.094111020142,3843.5380711485423
2104.0575135354056,0.9499998732943552,-22.634660930953487,3423.943487709032
1156.151039560371,0.949999998084943,-0.34210524083596283,2430.153226878925
-3526.10444081392,0.9499999999710553,-0.00517065390499738,0.0
1089.202926615571,0.9499999999995625,-7.815048616066633e-05,2361.431650807284
2000.8867260050406,0.9499999999999933,-1.1810552678070962e-06,3291.721150390754
2000.8867260050406,0.9499999999999998,-1.7985712474910542e-08,3291.721149006147
2000.8867260050406,0.95,-2.9967850423417985e-10,3291.721148985092
2000.8867260050406,0.95,2.2737367544323206e-13,3291.721148984735
2000.8867260050406,0.95,2.2737367544323206e-13,3291.721148984735
2925.24438351445,0.95,0.0,4234.943248484133
5744.53394065113,0.95,0.0,7111.769327195031
6804.227333830195,0.95,0.0,8193.08911615326
16851.62536623044,0.9466264593706312,8970.890925753542,9940.000000000002
12571.254133540711,0.944997542278338,4331.602659485981,9940.000000000002
13052.936600230956,0.9431748108166157,4846.992203887818,9940.000000000002
13541.346108440166,0.9411506521178471,5382.625821958916,9940.000000000002
2791.885458776819,0.9429404286235379,-4906.555321048442,9940.000000000002
9498.571967560005,0.9426237785886182,842.0331150514321,9940.000000000002
7428.987537183262,0.9429637087773999,-931.8963967000625,9940.000000000002
6396.875515608407,0.9436263413324042,-1816.5638437642237,9940.000000000002
1858.833849652006,0.9457078477625397,-5706.313843155424,9940.000000000002
701.970078086244,0.9481510617095704,-6697.911361640364,9940.000000000002
2957.5654886694874,0.9498025159581356,-4527.353893070535,9657.63098359025
1817.8293782467094,0.9499902209432345,-514.5809493510508,3717.5243052614987
-458.377497389253,0.9499998521971864,-26.40345326676561,832.2227350189673
-2707.379827658566,0.9499999977660757,-0.3990675965681021,0.0
1698.7089069373935,0.949999999966236,-0.0060315955226997175,2983.383616121262
-2704.8999011384503,0.9499999999994896,-9.116277738030476e-05,0.0
-2700.9080623048676,0.9499999999999923,-1.377997705276357e-06,0.0
1560.8648230786823,0.9499999999999998,-2.0683273760369048e-08,2842.7192072477683
-579.2485772297589,0.95,-2.9967850423417985e-10,682.336394315193
1512.80151787855,0.95,0.0,2793.6750182434184
-6822.9440429432125,0.95,0.0,0.0
-3678.791197528703,0.95,0.0,0.0
1331.1913552146443,0.95,0.0,2608.358525729229
2322.1118189572308,0.95,0.0,3619.501856078807
2322.1118189572308,0.95,0.0,3619.501856078807
2322.1118189572308,0.95,0.0,3619.501856078807
-672.9984593605337,0.95,0.0,590.461509826677
1288.381358636744,0.95,0.0,2564.6748557517794
2266.0999827575542,0.95,0.0,3562.346921181178
292.9224617740989,0.95,0.0,1548.9004711980601
-1667.5826994290355,0.95,0.0,0.0
-4522.31192187821,0.95,0.0,0.0
-2598.296171359614,0.95,0.0,0.0
-4397.5297840912135,0.95,0.0,0.0
-11273.365224036414,0.95,0.0,0.0
-13097.37702821479,0.95,0.0,0.0
-11471.777152426974,0.95,0.0,0.0
-9305.683422364247,0.95,0.0,0.0
-7410.371866472526,0.95,0.0,0.0
1132.1067900119074,0.95,0.0,2405.2110102162324
7063.860017804923,0.95,0.0,8458.020426331554
6711.221049094234,0.95,0.0,8098.1847439737085
4830.1151570696165,0.95,0.0,6178.688935785323
5697.010034477734,0.95,0.0,7063.2755453854425
5875.484546247509,0.95,0.0,7245.392394130111
6055.673261720609,0.95,0.0,7429.258430327152
7840.919444579066,0.95,9.094947017729282e-13,9250.938208754149
9810.463238332248,0.9495735023329372,1134.1390164385887,9940.000000000002
10256.269666404994,0.9489433514214735,1675.6920145833255,9940.000000000002
7111.352386326086,0.9493825941002121,-1204.1550974347851,9940.000000000002
1889.3066864633151,0.9499564930319246,-1573.3064146194138,5050.847792706767
3680.8682868652677,0.9499993424261207,-117.46881380334526,5145.8318737780655
3718.703783927693,0.9499999900612838,-1.775449473939716,5046.70932821152
3756.76905972334,0.949999999849784,-0.026834533695136997,5083.469761917671
7499.013888406473,0.9499999999977295,-0.0004055830663673987,8902.055471006854
4852.49918205573,0.9499999999999656,-6.130096153356135e-06,6201.529784905621
8759.902100373989,0.9499214469862991,208.88751460627452,9940.000000000002
3138.5637575726855,0.9499933965338607,-197.24498243945777,4687.431534440871
3155.3980071179867,0.9499999001937611,-17.82935857592679,4491.019311690376
3172.2945106759616,0.9499999984915065,-0.26947684483866396,4487.3560207431365
1236.287094119873,0.9499999999772003,-0.00407293229136485,2511.5222917083806
-6424.996926518659,0.9499999999996553,-6.155905794003047e-05,0.0
-3518.9774826046378,0.9499999999999947,-9.304558261646889e-07,0.0
-2570.6982799483276,0.9499999999999998,-1.4088755051488988e-08,0.0
-8691.262898310906,0.95,-2.9967850423417985e-10,0.0
-5023.36320403868,0.95,0.0,0.0
-2449.37005860885,0.95,0.0,0.0
4127.287196941221,0.95,0.0,5461.517547899205
4190.731616949234,0.95,0.0,5526.256751989014
5108.4024345822145,0.95,0.0,6462.655545492055
3476.804002068406,0.95,0.0,4797.759185784088
6135.118933570599,0.95,0.0,7510.325442418979
8076.134544640576,0.95,0.0,9490.95361698018
7401.320123117528,0.95,9.094947017729282e-13,8802.367472568905
4784.000238168728,0.95,0.0,6131.632896090539
7695.992778931288,0.95,0.0,9103.053856052335
7895.131931226711,0.95,0.0,9306.257072680317
4150.435494262615,0.95,0.0,5485.138259451648
1246.5812378948533,0.95,0.0,2522.021671321279
1236.287094119873,0.95,0.0,2511.5174429794624
1226.05541939744,0.95,0.0,2501.0769585688163
-1668.277128000992,0.95,0.0,0.0
-1667.9909395254822,0.95,0.0,0.0
1136.7245728499101,0.95,0.0,2409.9230335203165
2064.9210826512963,0.95,0.0,3357.0623292360165
-1666.2750321811302,0.95,0.0,0.0
-1663.832425789941,0.95,0.0,0.0
-3452.186914350003,0.95,0.0,0.0
5485.815697883349,0.95,0.0,6847.771120289131
6509.5418269389775,0.95,0.0,7892.389619325488
4784.000238168728,0.95,0.0,6131.632896090539
3911.362118079896,0.95,0.0,5241.185834775404
192.62883863301192,0.95,0.0,1446.5600394214407
3911.362118079896,0.95,0.0,5241.185834775404
2064.9210826512963,0.95,0.0,3357.0623292360165
2064.9210826512963,0.95,0.0,3357.0623292360165
-738.4965261232253,0.95,0.0,526.2734043992392
-746.838324630217,0.95,0.0,518.0984418623873
-2566.521449651238,0.95,0.0,0.0
-766.5093871185944,0.95,0.0,498.8208006237775
998.5453990692384,0.95,0.0,2268.9238766012636
1877.1957702848922,0.95,2.2737367544323206e-13,3165.505888045808
1877.1957702848922,0.95,2.2737367544323206e-13,3165.505888045808
105.74075470441835,0.95,0.0,1357.8987292902227
972.4636495520468,0.95,0.0,2242.3098464816803
1841.2017158828344,0.95,0.0,3128.777261104933
-780.7191743899891,0.95,0.0,484.8952090978107
-785.970284223362,0.95,0.0,479.74912146110523
1770.7184816492213,0.95,0.0,3056.8555935196136
4362.276248284508,0.95,0.0,5701.3022941678655
938.4713220906565,0.95,0.0,2207.6237980516903
-787.6102004382461,0.95,0.0,478.1420035705188
-5804.602242286176,0.95,0.0,0.0
-7217.697367967413,0.95,0.0,0.0
-8426.147925657104,0.95,0.0,0.0
-3000.703249725045,0.95,0.0,0.0
1348.8987278608995,0.95,2.2737367544323206e-13,2626.4272733274483
2075.108433461502,0.95,0.0,3367.457585164798
8044.952787928756,0.95,0.0,9459.135497886486
7618.685853393001,0.95,9.094947017729282e-13,9024.169238156122
6298.671537636196,0.95,0.0,7677.215854730813
3209.1393674918954,0.95,0.0,4524.632007644792
3244.143204675908,0.95,0.0,4560.350208852968
5770.0611325320315,0.95,0.0,7137.817482175543
3368.302459033489,0.95,0.0,4687.043325544377
2557.1978990422713,0.95,0.0,3859.385611267624
2571.895246572758,0.95,0.0,3874.3829046660794
3440.420424728026,0.95,0.0,4760.633086457169
-792.2029161140439,0.95,0.0,473.64114220823706
40.72426209304399,0.95,0.0,1291.5553694826979
1702.2033177429412,0.95,0.0,2986.942160962185
1702.2033177429412,0.95,0.0,2986.942160962185
-798.7770922105499,0.95,0.0,467.1984496336611
18.155581433829184,0.95,0.0,1268.5261035039073
9.49733519820029,0.95,0.0,1259.6911583655105
1624.6948422156324,0.95,0.0,2907.85187981187
3261.7228570761486,0.95,0.0,4578.28862966954
5797.820498760731,0.95,0.0,7166.1433660823795
1702.2033177429412,0.95,0.0,2986.942160962185
-1625.7463868630916,0.95,0.0,0.0
1657.5971341681761,0.95,2.2737367544323206e-13,2941.4256471103836
-2426.8055272107385,0.95,0.0,0.0
4863.591749481312,0.95,0.0,6212.848723960523
6638.10534789634,0.95,0.0,8023.576885608511
5965.495193736421,0.95,0.0,7337.239993608593
-2481.6272546229466,0.95,0.0,0.0
-7346.520804053214,0.95,0.0,0.0
-13840.671171375165,0.95,0.0,0.0
-12030.14972793043,0.95,0.0,0.0
-18653.15817919669,0.95,0.0,0.0
-15943.94738997038,0.95,0.0,0.0
-12531.958300251026,0.95,0.0,0.0
-9092.178920983113,0.95,0.0,0.0
-5632.283532276818,0.95,0.0,0.0
-2159.9464658225565,0.95,0.0,0.0
-17.488612825435027,0.95,0.0,1232.8611594310737
0.0,0.95,0.0,1250.0
0.0,0.95,0.0,1250.0
712.318696049591,0.95,0.0,1976.855812295501
4182.692134908832,0.95,0.0,5518.053198886563
7972.956892899739,0.95,0.0,9385.670298877285
11779.384204226077,0.9486957131646846,3468.348604919405,9940.000000000002
15609.648405348697,0.9458316763524023,7616.022651884952,9940.000000000002
13435.83261657511,0.9438527562637568,5262.327689630723,9940.000000000002
7652.8580845772685,0.9441226906053227,-740.0073560766284,9940.000000000002
10144.247614325968,0.9435437135956104,1539.6108045747887,9940.000000000002
8783.39134521067,0.9434575892439544,229.0211530377162,9940.000000000002
7806.920092216534,0.943679354226603,-607.9542066715442,9940.000000000002
8934.333173204212,0.9435445764761496,358.3998627464656,9940.000000000002
13436.539258719065,0.9415653534166908,5263.133347074523,9940.000000000002
16982.474233472054,0.9381369978670642,9116.654301613104,9940.000000000002
12682.31715092566,0.9364596511516735,4460.386306731979,9940.000000000002
7597.236391074638,0.9367469762916523,-787.6830933645974,9940.000000000002
4921.535095360482,0.9378708919580301,-3081.141346833874,9940.000000000002
3071.8398496418504,0.9395731373212886,-4666.594414592701,9940.000000000002
2130.450282424341,0.9415697195729159,-5473.499757921994,9940.000000000002
2130.450282424341,0.9435663018245433,-5473.499757921994,9940.000000000002
-5412.8752518743095,0.9478543773856705,-11755.478907342933,9940.000000000002
174.2016364142553,0.9497705018245326,-5252.929922477284,7681.244774800429
-752.1046619950595,0.9499893661302884,-600.0021905411375,1227.2257533176244
-1660.4536205451204,0.9499998392773555,-28.711448221219143,0.0
-768.7091923209815,0.9499999975708026,-0.433951139922101,497.18160002534546
-2526.3445441412177,0.9499999999632845,-0.006558832976679696,0.0
-784.2751877562853,0.9499999999994451,-9.91316028375877e-05,481.41043401265335
-2486.8154180024126,0.9499999999999915,-1.498201527283527e-06,0.0
-8179.0521851782105,0.9499999999999998,-2.2781705411034636e-08,0.0
-13840.671171375165,0.95,-2.9967850423417985e-10,0.0
-2260.465897241907,0.95,0.0,0.0
1339.3557396690203,0.95,0.0,2616.6895302745106
3517.9503043563936,0.95,0.0,4839.745208526932
6568.788865448951,0.95,0.0,7952.845781070358
5252.387787995556,0.95,0.0,6609.579375505669
-48.913988129584254,0.95,0.0,1202.0642916330075
1467.0735339077155,0.95,0.0,2747.0138101099137
3003.3796367955,0.95,4.547473508864641e-13,4314.673098770918
-812.0749268491857,0.95,0.0,454.16657168779807
1456.9629315283426,0.95,0.0,2736.696868906472
1456.9629315283426,0.95,0.0,2736.696868906472
7655.6007447433185,0.95,9.094947017729282e-13,9061.837494636038
5522.568339588444,0.95,0.0,6885.273815906576
6483.039932032292,0.95,0.0,7865.346869420707
3314.775296344994,0.95,0.0,4632.423771780606
4190.731616949234,0.95,0.0,5526.256751989014
5108.4024345822145,0.95,0.0,6462.655545492055
2616.3109172747854,0.95,0.0,3919.705017627332
913.557787225786,0.95,0.0,2182.201823699782
-2476.3853344772124,0.95,0.0,0.0
-5710.411446592108,0.95,0.0,0.0
-1604.0309410017182,0.95,0.0,0.0
-2373.0136118725877,0.95,0.0,0.0
-811.6516774625561,0.95,0.0,454.581356086695
-1568.6731058444125,0.95,0.0,0.0
-2295.0085737593913,0.95,0.0,0.0
-1537.5536186642028,0.95,0.0,0.0
-6418.72779420626,0.95,0.0,0.0
-17878.382756727813,0.95,0.0,0.0
-16560.72366052803,0.95,0.0,0.0
-13154.611866257177,0.95,0.0,0.0
-9719.314454090862,0.95,0.0,0.0
-6262.505705610942,0.95,0.0,0.0
-2791.8599413618526,0.95,0.0,0.0
-143.6837441520482,0.95,0.0,1109.1899307309927
0.0,0.95,0.0,1250.0
0.0,0.95,0.0,1250.0
0.0,0.95,0.0,1250.0
0.0,0.95,0.0,1250.0
0.0,0.95,0.0,1250.0
0.0,0.95,0.0,1250.0
0.0,0.95,0.0,1250.0
0.0,0.95,0.0,1250.0
0.0,0.95,0.0,1250.0
0.0,0.95,0.0,1250.0
0.0,0.95,0.0,1250.0
0.0,0.95,0.0,1250.0
0.0,0.95,0.0,1250.0
0.0,0.95,0.0,1250.0
0.0,0.95,0.0,1250.0
0.0,0.95,0.0,1250.0
0.0,0.95,0.0,1250.0
0.0,0.95,0.0,1250.0
0.0,0.95,0.0,1250.0
0.0,0.95,0.0,1250.0
0.0,0.95,0.0,1250.0
0.0,0.95,0.0,1250.0
0.0,0.95,0.0,1250.0
0.0,0.95,0.0,1250.0
0.0,0.95,0.0,1250.0
0.0,0.95,0.0,1250.0
0.0,0.95,0.0,1250.0
0.0,0.95,0.0,1250.0
0.0,0.95,0.0,1250.0
267.4320314091958,0.95,0.0,1522.8898279685673
2545.6588754712757,0.95,0.0,3847.611097419669
6478.318547795635,0.95,0.0,7860.529130403709
10277.46267517074,0.9493601677005571,1701.4366802365635,9940.000000000002
14097.42045036758,0.9471079699125804,5989.025453931493,9940.000000000002
16799.10478071547,0.9437564310916153,8912.383901518879,9940.000000000002
9884.7395860752,0.9432960025113859,1224.3678159319709,9940.000000000002
10758.09474861971,0.9424366079199764,2285.2948841347284,9940.000000000002
13818.784515586422,0.9402934982916897,5698.939135316863,9940.000000000002
10383.87022073619,0.9396050569087555,1830.6975470556217,9940.000000000002
9369.888956057155,0.939329885541216,731.7333909061322,9940.000000000002
8140.061135687818,0.9394474899281474,-322.4047408390152,9940.000000000002
8442.537608114388,0.9394705213701481,-63.139193044811236,9940.000000000002
9635.732837998848,0.9391096599816391,959.5995754275832,9940.000000000002
4559.476055047356,0.9403467778068708,-3391.4776671022682,9940.000000000002
7368.871994923815,0.9407055038504903,-983.4240043510172,9940.000000000002
6626.705889520164,0.9412962771460919,-1619.5663804112892,9940.000000000002
5823.2973491235,0.9421382458852209,-2308.2022721798585,9940.000000000002
-729.6198822024627,0.9450200300995399,-7900.223087029068,9940.000000000002
-2590.7064975765197,0.9484606627635528,-9432.269588804991,9940.000000000002
-2570.6982799483276,0.9498501286191763,-3809.1298358468657,3265.3940616588125
1938.3205216245292,0.9499914922541988,-387.53916671540287,3689.2342341420062
-4320.832558137451,0.9499998714120598,-22.970913663211604,0.0
-13487.146836201993,0.9499999980564936,-0.3471874384986222,0.0
-14122.1090924316,0.9499999999706253,-0.005247467160870656,0.0
-5943.302182235409,0.949999999999556,-7.931145751172153e-05,0.0
-5015.872287239876,0.9499999999999933,-1.1987410744040972e-06,0.0
-15580.323274723747,0.9499999999999998,-1.7985712474910542e-08,0.0
-15578.08329028307,0.95,-2.9967850423417985e-10,0.0
-11564.533875775827,0.95,0.0,0.0
-4085.034311564002,0.95,0.0,0.0
-1264.8555683462805,0.95,0.0,10.441543020645213
-1548.2192831852255,0.95,0.0,0.0
-1144.4847789227192,0.95,0.0,128.40491665573518
-784.605463379715,0.95,0.0,481.0866458878793
-753.1650364509877,0.95,0.0,511.898264278032
131.3459804400464,0.95,0.0,1384.0265106531085
1002.0775745668925,0.95,0.0,2272.5281373131556
1026.2288578336238,0.95,0.0,2297.172303911861
-454.31377352191987,0.95,0.0,804.7725019485185
131.3459804400464,0.95,0.0,1384.0265106531085
-1258.5834117217698,0.95,0.0,16.588256512665566
-2140.3077308467796,0.95,0.0,0.0
-3715.889532738574,0.95,0.0,0.0
-1011.9047964101078,0.95,0.0,258.33329951809435
-1655.4492760689043,0.95,0.0,0.0
-876.9473425231394,0.95,0.0,390.59160432732347
-143.6837441520482,0.95,0.0,1109.1899307309927
3.958275765548352,0.95,0.0,1254.0390569036208
74.36020180674025,0.95,0.0,1325.8777569456533
417.01697419447714,0.95,0.0,1675.527524688242
1852.5616256451615,0.95,0.0,3140.369005760369
6018.861840295082,0.95,0.0,7391.695755403145
9137.544724297062,0.9497997206403044,532.5811922546239,9940.000000000002
11211.722613704651,0.9487410029221498,2815.3332697534815,9940.000000000002
6058.113878612615,0.9495095534197406,-2106.9309611891886,9940.000000000002
3130.4493782549084,0.9499724467011904,-1268.9916791024807,5955.040480144016
8447.744172966537,0.9499938502474176,-58.67642317154082,9940.000000000002
12888.975218438165,0.9482418116951679,4659.006212380375,9940.000000000002
13180.263833535255,0.946364182351524,4992.976190707697,9940.000000000002
8077.4223593016895,0.9465013715131063,-376.0951205985539,9940.000000000002
2707.828456270523,0.9483174294621283,-4978.604180339553,9940.000000000002
2023.7908222017722,0.9498280390814733,-4141.2375468430755,8245.137374338803
2036.5516105527795,0.9499909024389929,-446.4792508452797,3859.636805992115
3498.3876849310377,0.949999862497463,-24.563414719136517,4849.025512350371
7288.636428467972,0.9499999979217564,-0.3712568496628137,8687.82608312168
5252.387787995556,0.949999999968589,-0.005611257658301838,6609.58605557431
7766.642268442341,0.9499999999995252,-8.48096592562797e-05,9175.145272843822
7241.500474738479,0.9499999999999927,-1.2817747574445093e-06,8639.286200238657
5797.820498760731,0.9499999999999998,-1.9484332369756885e-08,7166.143366105575
865.1977341471957,0.95,-2.994511305587366e-10,2132.854830762801
857.3252674482758,0.95,0.0,2124.8217014778324
3350.4069676141817,0.95,0.0,4668.782620014472
5083.681743480747,0.95,0.0,6437.430350490558
5182.88951840608,0.95,0.0,6538.662773883755
3531.7901091012345,0.95,0.0,4853.867458266566
5333.345513806075,0.95,0.0,6692.189299802118
3643.2608601440797,0.95,0.0,4967.613122596
4581.668651763327,0.95,0.0,5925.172093636048
2830.171157536202,0.95,0.0,4137.929752587961
1938.3205216245292,0.95,2.2737367544323206e-13,3227.878083290336
1938.3205216245292,0.95,2.2737367544323206e-13,3227.878083290336
1034.116084202029,0.95,2.2737367544323206e-13,2305.2204940837028
1025.1378197389902,0.95,0.0,2296.0589997336638
1913.699141775302,0.95,2.2737367544323206e-13,3202.7542263013283
-768.7091923209815,0.95,0.0,496.66499152543815
989.7952019659323,0.95,0.0,2259.9951040468695
-1650.9420820404061,0.95,0.0,0.0
-2502.0523983064413,0.95,0.0,0.0
-5804.602242286176,0.95,0.0,0.0
-7217.697367967413,0.95,0.0,0.0
-13558.005362605301,0.95,0.0,0.0
-9102.235146801171,0.95,0.0,0.0
-14525.503005408744,0.95,0.0,0.0
-7437.011068704578,0.95,0.0,0.0
-9188.82191418238,0.95,0.0,0.0
-12947.165610928483,0.95,0.0,0.0
-9510.34601088729,0.95,0.0,0.0
-6052.480191684719,0.95,0.0,0.0
-2581.2424758379684,0.95,0.0,0.0
-88.29068997830983,0.95,0.0,1163.4751238212564
0.0,0.95,0.0,1250.0
0.0,0.95,0.0,1250.0
0.0,0.95,0.0,1250.0
0.0,0.95,0.0,1250.0
0.0,0.95,0.0,1250.0
0.0,0.95,0.0,1250.0
0.0,0.95,0.0,1250.0
0.0,0.95,0.0,1250.0
0.0,0.95,0.0,1250.0
0.0,0.95,0.0,1250.0
0.0,0.95,0.0,1250.0
0.0,0.95,0.0,1250.0
0.0,0.95,0.0,1250.0
0.0,0.95,0.0,1250.0
0.0,0.95,0.0,1250.0
782.9265430779074,0.95,0.0,2048.904635793783
4297.385209732497,0.95,0.0,5635.086948706629
8088.026980529133,0.95,0.0,9503.088755641973
11895.063880406258,0.9486551438394962,3576.230213941188,9940.000000000002
15726.170194244458,0.9457420798828361,7746.395222704591,9940.000000000002
19589.020268641754,0.9412663468396335,11901.831741351603,9940.000000000002
17724.399902192392,0.9375417258720553,9904.480814321641,9940.000000000002
15352.660915249538,0.9347806287498533,7342.286292049267,9940.000000000002
5386.857263685081,0.9357590557855057,-2682.2937739842173,9940.000000000002
-2360.5035624830707,0.9391305629438439,-9242.766532636066,9940.000000000002
-2328.363468162081,0.9424924190511585,-9216.308806991026,9940.000000000002
-16386.60479749915,0.9490702832684019,-18032.784860918822,6658.728323354195
-19116.984786582605,0.9499269173330714,-2348.406303709466,0.0
-15738.092481299922,0.949993542598199,-182.64881011043644,0.0
-12324.200690016518,0.9499999024014096,-17.434984862541114,0.0
-8882.98368359984,0.9499999985248734,-0.2635161938658257,0.0
-5422.115802983005,0.9499999999777046,-0.003982841756396738,0.0
-1949.2713387115061,0.949999999999663,-6.019754687258683e-05,0.0
-2.080016646182698,0.9499999999999948,-9.097723250306444e-07,1247.9615847698035
0.0,0.9499999999999998,-1.3789076547254808e-08,1250.0000000164157
0.0,0.95,-2.9967850423417985e-10,1250.0000000003567
0.0,0.95,0.0,1250.0
0.0,0.95,0.0,1250.0
0.0,0.95,0.0,1250.0
0.0,0.95,0.0,1250.0
0.0,0.95,0.0,1250.0
0.0,0.95,0.0,1250.0
0.0,0.95,0.0,1250.0
11.248776682774686,0.95,0.0,1261.4783435538518
407.196696878599,0.95,0.0,1665.5068335495907
1781.2638777892205,0.95,0.0,3067.6162018257355
5231.963610517581,0.95,0.0,6588.738378079165
9354.838619333656,0.9497296798393418,718.8331022859895,9940.000000000002
8536.397097757312,0.9497231696660863,17.311798077694675,9940.000000000002
4373.162877465726,0.9499881023090552,-726.2955262543844,6577.048630710042
1102.48803809893,0.9499998201756836,-32.1237655509176,2413.230372015307
-1044.648664825154,0.9499999972820957,-0.48552565408135706,226.8223152023985
1501.4951392044725,0.9499999999589209,-0.00733834143443346,2782.1466332681766
1965.5273924339513,0.9499999999993791,-0.00011091337842117355,3255.640328400911
680.5620521695399,0.9499999999999905,-1.6762592167651746e-06,1944.4510756379343
4773.339531245601,0.9499999999999998,-2.547926669649314e-08,6120.754623750334
8162.894334951251,0.95,-2.994511305587366e-10,9579.484015256736
9019.91301071443,0.9498376371194422,431.75400918379603,9940.000000000002
10506.841313783005,0.9490930200950423,1980.079341330178,9940.000000000002
8147.127388955833,0.9492084151320173,-316.3479523235728,9940.000000000002
10048.188264513341,0.9486733199441283,1422.9206323048338,9940.000000000002
4856.159359584293,0.9498176761287711,-3137.177691784892,9940.000000000002
3517.9503043563936,0.9499906257366388,-474.1300469965108,5404.185740665636
1368.123297125325,0.9499998583153229,-25.310511075016166,2676.1757415437182
-810.575292624401,0.9499999978585466,-0.38254862817507274,456.0916282616289
-809.145735917383,0.9499999999676335,-0.0057819240396383975,457.0440620438691
3459.4002915303454,0.9499999999995108,-8.73893957304972e-05,4780.00040151494
3517.9503043563936,0.9499999999999925,-1.320743422184023e-06,4839.745210099246
2837.3081682807297,0.9499999999999998,-2.0083916751900688e-08,4145.212416636899
651.246295515213,0.95,-2.9967850423417985e-10,1914.53703624037
-84.7151526242655,0.95,0.0,1166.9791504282198
-90.61094499053144,0.95,0.0,1161.2012739092793
1339.3557396690203,0.95,0.0,2616.6895302745106
619.8449455173863,0.95,0.0,1882.49484236468
-7719.372860910541,0.95,0.0,0.0
-2774.6762034473163,0.95,0.0,0.0
-789.4073448077401,0.95,0.0,476.3808020884147
3735.0159163966528,0.95,0.0,5061.240731016993
2488.1122774345235,0.95,0.0,3788.89007901482
2518.98182079139,0.95,0.0,3820.3896130524386
-2110.950333600202,0.95,0.0,0.0
-11255.67794408813,0.95,0.0,0.0
-10079.956093435543,0.95,0.0,0.0
-11114.698351191575,0.95,0.0,0.0
-10914.754309062831,0.95,0.0,0.0
-5559.419741532604,0.95,0.0,0.0
-4331.965628420391,0.95,0.0,0.0
-3098.532139952496,0.95,0.0,0.0
-1474.233690658843,0.95,0.0,0.0
-886.1778169571679,0.95,0.0,381.5457393819754
-65.59212695470522,0.95,0.0,1185.719715584389
0.0,0.95,0.0,1250.0
0.0,0.95,0.0,1250.0
0.0,0.95,0.0,1250.0
0.0,0.95,0.0,1250.0
0.0,0.95,0.0,1250.0
0.0,0.95,0.0,1250.0
0.0,0.95,0.0,1250.0
189.5360860903687,0.95,0.0,1443.404169479968
45.87903556475719,0.95,0.0,1296.8153424130176
45.87903556475719,0.95,0.0,1296.8153424130176
45.87903556475719,0.95,0.0,1296.8153424130176
45.87903556475719,0.95,0.0,1296.8153424130176
319.58613964930436,0.95,0.0,1576.1083057645963
1178.840816300785,0.95,0.0,2452.8987921436583
1328.2474457130352,0.95,2.2737367544323206e-13,2605.3545364418724
1709.0280062051322,0.95,0.0,2993.906128780747
2712.934470398976,0.95,0.0,4018.300479998955
4391.0772746804005,0.95,0.0,5730.691096612653
6436.49414421289,0.95,0.0,7817.851167564174
2215.975081933591,0.95,0.0,3511.199063197542
-2838.172358951748,0.95,0.0,0.0
-2560.4412633878133,0.95,0.0,0.0
-2026.571279502973,0.95,0.0,0.0
3674.4233813472392,0.95,4.547473508864641e-13,4999.411613619632
7745.91239845192,0.95,0.0,9153.992243318286
13138.301334679032,0.9481404630333563,4944.865093647134,9940.000000000002
16337.83377829485,0.9449761119175282,8414.615927181312,9940.000000000002
16256.136649126427,0.9418460600729686,8323.40759291567,9940.000000000002
11345.425580614923,0.9407354039150734,2953.4475327656874,9940.000000000002
7034.5821507858445,0.9411986497408992,-1269.9581564692776,9940.000000000002
4319.868583342521,0.9425106837539744,-3596.855499992127,9940.000000000002
7471.515397306444,0.9428373170904714,-895.4439451659061,9940.000000000002
6176.774344326312,0.9435687669514429,-2005.2219905774487,9940.000000000002
5549.861641808524,0.9444962286873744,-2542.575735592695,9940.000000000002
4863.591749481312,0.9456382610449943,-3130.8070718731624,9940.000000000002
1646.5774560168297,0.9477861320160325,-5888.247894842719,9940.000000000002
-2421.0338172126103,0.9497589975926509,-5408.482043367929,5316.055958379176
-2391.4027497931456,0.9499890589545119,-630.698188079539,0.0
1539.2229971100396,0.9499998346346333,-29.540822817719572,2855.803357548346
1539.2229971100396,0.9499999975006315,-0.44648648988004425,2821.167242872347
1539.2229971100396,0.949999999962224,-0.006748294922772402,2820.643745021207
1539.2229971100396,0.949999999999429,-0.0001019952123897383,2820.635832759647
1539.2229971100396,0.9499999999999913,-1.5416665064549306e-06,2820.6357131720924
5522.568339588444,0.9499999999999998,-2.338128979317844e-08,6885.273815934411
2399.026864134555,0.95,-2.9967850423417985e-10,3697.9865960560255
4863.591749481312,0.95,0.0,6212.848723960523
3297.038689373382,0.95,4.547473508864641e-13,4614.3251932381445
4169.530357219478,0.95,0.0,5504.6228134892635
5083.681743480747,0.95,0.0,6437.430350490558
3458.5849838649715,0.95,0.0,4779.1683508826245
2631.225233579389,0.95,0.0,3934.923707734071
4383.964537279288,0.95,0.0,5723.433201305396
3568.7233841571315,0.95,0.0,4891.554473629726
8980.22462655618,0.9498504299602852,397.73539419100996,9940.000000000002
9292.435517088717,0.9496002243236134,665.344728933185,9940.000000000002
6744.814486536531,0.9499758938766023,-1029.8735279590924,9358.503676008986
8833.128068359147,0.9498737377817351,271.65263002212384,9940.000000000002
3172.2945106759616,0.9499921226450772,-324.544365911358,4873.397555346136
1236.287094119873,0.949999880939926,-21.268858291567767,2536.8375123741857
-7366.314813137724,0.9499999982004999,-0.32146219955961897,0.0
-27115.994799522763,0.9499999999728019,-0.004858650282130839,0.0
-23853.802920085374,0.9499999999995888,-7.343465836129326e-05,0.0
-20538.006935421457,0.9499999999999937,-1.110012135541183e-06,0.0
-17176.28140701676,0.9499999999999998,-1.6786543710622936e-08,0.0
-13776.300626471957,0.95,-2.9967850423417985e-10,0.0
-10345.738860480391,0.95,0.0,0.0
-6892.270454149316,0.95,0.0,0.0
-3423.5696938500855,0.95,0.0,0.0
-389.828404839291,0.95,0.0,867.9681632574948
0.0,0.95,0.0,1250.0
0.0,0.95,0.0,1250.0
0.0,0.95,0.0,1250.0
0.0,0.95,0.0,1250.0
0.0,0.95,0.0,1250.0
0.0,0.95,0.0,1250.0
0.0,0.95,0.0,1250.0
0.0,0.95,0.0,1250.0
0.0,0.95,0.0,1250.0
0.0,0.95,0.0,1250.0
0.0,0.95,0.0,1250.0
0.0,0.95,0.0,1250.0
0.0,0.95,0.0,1250.0
0.0,0.95,0.0,1250.0
0.0,0.95,0.0,1250.0
0.0,0.95,0.0,1250.0
0.0,0.95,0.0,1250.0
0.0,0.95,0.0,1250.0
0.0,0.95,0.0,1250.0
0.0,0.95,0.0,1250.0
0.0,0.95,0.0,1250.0
0.0,0.95,0.0,1250.0
0.0,0.95,0.0,1250.0
0.0,0.95,0.0,1250.0
409.2699066500159,0.95,0.0,1667.622353724506
3609.3394267835038,0.95,0.0,4932.999415085208
7397.8247801088055,0.95,0.0,8798.800796029394
11201.30993237875,0.9489459830403946,2802.833052075328,9940.000000000002
8007.5924491954365,0.9491050053719753,-435.9493292610557,9940.000000000002
9708.135876265122,0.9487208061589433,1021.6593225129595,9940.000000000002
9910.87897140943,0.948248436587524,1256.1211994769521,9940.000000000002
9768.952331790035,0.9478409019283118,1083.7127451288065,9940.000000000002
8664.154635398163,0.9477932113976244,126.8182589127091,9940.000000000002
6497.626595868544,0.9484243429030141,-1730.2057749698206,9940.000000000002
8204.80089742819,0.9485217056166915,-266.91351649012404,9940.000000000002
5667.427713786843,0.9494124088915045,-2441.804816754136,9940.000000000002
2853.701340487586,0.9499579562166129,-1495.5823380089291,5942.395307651024
3636.304312545577,0.9499993645410157,-113.51821514493622,5095.655336953744
-1551.8592171021417,0.9499999903955332,-1.7157392573685684,0.0
-1537.5536186642028,0.949999999854836,-0.025932060299055593,0.0
-2231.9944171185048,0.9499999999978059,-0.0003919427781511331,0.0
-2884.7550537536304,0.9499999999999668,-5.92386140851886e-06,0.0
-2149.977540848727,0.9499999999999994,-8.96282017492922e-08,0.0
-1455.1256701927111,0.95,-1.4988472685217857e-09,0.0
-5863.2494603265595,0.95,0.0,0.0
-4965.205311212476,0.95,0.0,0.0
-4710.537515280798,0.95,0.0,0.0
-4452.239386154436,0.95,0.0,0.0
-6582.083139486167,0.95,0.0,0.0
-11853.185929029967,0.95,0.0,0.0
-9030.737177244979,0.95,0.0,0.0
-5845.103314083297,0.95,0.0,0.0
-3285.2917874994682,0.95,0.0,0.0
-983.938148870828,0.95,0.0,285.7406141065886
0.0,0.95,0.0,1250.0
0.0,0.95,0.0,1250.0
